Post,Caption,Date,likesComment,IdFatherComment,IdChildComment,Username,UserComment
https://www.instagram.com/p/B166OkVBPJR/,This never gets old - @ the person you do this to most. ğŸ¥ by @mikepfau,2020-12-13T17:05:50.000Z,0,1,,tinanotfey,@preet829
https://www.instagram.com/p/B166OkVBPJR/,This never gets old - @ the person you do this to most. ğŸ¥ by @mikepfau,2020-12-14T15:39:34.000Z,0,2,,markmywordz420,Make sure you wear a crop top with a flannel over it. lolololol. #tesla #garbage
https://www.instagram.com/p/B166OkVBPJR/,This never gets old - @ the person you do this to most. ğŸ¥ by @mikepfau,2020-12-15T02:29:07.000Z,0,3,,zen_health_fitness,"Use my referral link to receive 1,000 free Supercharger miles https://ts.la/maksood52013"
https://www.instagram.com/p/B166OkVBPJR/,This never gets old - @ the person you do this to most. ğŸ¥ by @mikepfau,2020-12-15T04:15:44.000Z,1 ,4,,vague_canvas,@smasonnn canâ€™t stop doing it
https://www.instagram.com/p/B166OkVBPJR/,This never gets old - @ the person you do this to most. ğŸ¥ by @mikepfau,2020-12-19T18:41:54.000Z,0,5,,oklanden,@lenegjostein
https://www.instagram.com/p/B166OkVBPJR/,This never gets old - @ the person you do this to most. ğŸ¥ by @mikepfau,2020-12-20T04:00:03.000Z,0,6,,arobbins12,Haha @jeffsroger :)
https://www.instagram.com/p/B166OkVBPJR/,This never gets old - @ the person you do this to most. ğŸ¥ by @mikepfau,2021-01-05T23:52:53.000Z,0,7,,jeremy3carter,@_lennonjane_
https://www.instagram.com/p/B166OkVBPJR/,This never gets old - @ the person you do this to most. ğŸ¥ by @mikepfau,2021-01-05T23:53:46.000Z,0,8,,jeremy3carter,@__sarahhhhhhhh
https://www.instagram.com/p/B166OkVBPJR/,This never gets old - @ the person you do this to most. ğŸ¥ by @mikepfau,2021-01-05T23:54:17.000Z,1 ,9,,jeremy3carter,@hannahcurtis01 @mattcurtis01
https://www.instagram.com/p/B166OkVBPJR/,This never gets old - @ the person you do this to most. ğŸ¥ by @mikepfau,2021-01-05T23:54:41.000Z,2 ,10,,jeremy3carter,@makadamianut_96
https://www.instagram.com/p/B166OkVBPJR/,This never gets old - @ the person you do this to most. ğŸ¥ by @mikepfau,2021-01-05T23:54:56.000Z,0,11,,jeremy3carter,@nathalyvvasquez
https://www.instagram.com/p/B166OkVBPJR/,This never gets old - @ the person you do this to most. ğŸ¥ by @mikepfau,2021-01-06T18:22:23.000Z,1 ,12,,pushkidsoffbikes_,@emilyghardy
https://www.instagram.com/p/B166OkVBPJR/,This never gets old - @ the person you do this to most. ğŸ¥ by @mikepfau,2021-01-08T00:22:06.000Z,1 ,13,,lilcatu,@manelbelha magicobus
https://www.instagram.com/p/B166OkVBPJR/,This never gets old - @ the person you do this to most. ğŸ¥ by @mikepfau,2021-01-11T02:18:38.000Z,0,14,,boss.2196,ğŸ‘ğŸ‘ğŸ‘ğŸ‘
https://www.instagram.com/p/B166OkVBPJR/,This never gets old - @ the person you do this to most. ğŸ¥ by @mikepfau,2021-01-12T17:32:35.000Z,1 ,15,,soren_feistel,FREAK FREAKY FREAKSHOW ğŸ˜‰ğŸ˜‰ğŸ˜‰ğŸ˜‰ğŸ˜‰ğŸ˜‰ğŸ˜‰ğŸ˜‰ğŸ˜‰ğŸ˜‰ğŸ˜‰
https://www.instagram.com/p/B166OkVBPJR/,This never gets old - @ the person you do this to most. ğŸ¥ by @mikepfau,2021-01-13T12:04:48.000Z,1 ,16,,ericwjya,@ratnaawy hehe yuk beli tesla
https://www.instagram.com/p/B166OkVBPJR/,This never gets old - @ the person you do this to most. ğŸ¥ by @mikepfau,2021-01-14T21:47:27.000Z,1 ,17,,janika_overgaard,@julie_lundsteen @michellebjoerklund ğŸ˜‚ğŸ˜‚
https://www.instagram.com/p/B166OkVBPJR/,This never gets old - @ the person you do this to most. ğŸ¥ by @mikepfau,2021-01-15T21:17:12.000Z,0,18,,jimbodie,@emmadayyay
https://www.instagram.com/p/B166OkVBPJR/,This never gets old - @ the person you do this to most. ğŸ¥ by @mikepfau,2021-01-16T08:18:51.000Z,1 ,19,,senator_blair,@mackaivr
https://www.instagram.com/p/B166OkVBPJR/,This never gets old - @ the person you do this to most. ğŸ¥ by @mikepfau,2021-01-16T10:18:28.000Z,0,20,,marie_in_amsterdam,@pkbeijing
https://www.instagram.com/p/B166OkVBPJR/,This never gets old - @ the person you do this to most. ğŸ¥ by @mikepfau,2021-01-16T17:25:45.000Z,0,21,,muhammadnaumaniqbal,That's why im eagerly waiting for @teslamotors to come in Pakistan ğŸ‡µğŸ‡° ğŸ˜‚ğŸ”¥
https://www.instagram.com/p/B166OkVBPJR/,This never gets old - @ the person you do this to most. ğŸ¥ by @mikepfau,2021-01-17T09:51:44.000Z,0,22,,_hugomnt_,@lamigatina
https://www.instagram.com/p/B166OkVBPJR/,This never gets old - @ the person you do this to most. ğŸ¥ by @mikepfau,2021-01-18T18:27:22.000Z,0,23,,usc_srt8,@fit_affiliated
https://www.instagram.com/p/B166OkVBPJR/,This never gets old - @ the person you do this to most. ğŸ¥ by @mikepfau,2020-10-25T02:57:37.000Z,0,24,,valemoxito,@vizzleforshizzle Orgi
https://www.instagram.com/p/B166OkVBPJR/,This never gets old - @ the person you do this to most. ğŸ¥ by @mikepfau,2020-10-25T08:07:19.000Z,1 ,25,,str8teneight,@itbehiten us ğŸ˜‚ğŸ˜‚ğŸ˜‚
https://www.instagram.com/p/B166OkVBPJR/,This never gets old - @ the person you do this to most. ğŸ¥ by @mikepfau,2020-10-29T04:17:41.000Z,1 ,26,,marlongallardo,@marlenarenae
https://www.instagram.com/p/B166OkVBPJR/,This never gets old - @ the person you do this to most. ğŸ¥ by @mikepfau,2020-11-03T04:55:49.000Z,0,27,,kevin23d,Que les haga un tema @almightytgc
https://www.instagram.com/p/B166OkVBPJR/,This never gets old - @ the person you do this to most. ğŸ¥ by @mikepfau,2020-11-20T16:57:12.000Z,0,28,,singardeepakjaiswal,Love you
https://www.instagram.com/p/B166OkVBPJR/,This never gets old - @ the person you do this to most. ğŸ¥ by @mikepfau,2020-11-26T04:27:47.000Z,0,29,,_the_real_izzy,@ocampo_juanc
https://www.instagram.com/p/B166OkVBPJR/,This never gets old - @ the person you do this to most. ğŸ¥ by @mikepfau,2020-11-28T13:14:47.000Z,0,30,,siforov,ğŸ”¥ğŸ‘ğŸ’£
https://www.instagram.com/p/B166OkVBPJR/,This never gets old - @ the person you do this to most. ğŸ¥ by @mikepfau,2020-12-01T08:47:03.000Z,0,31,,leeon_mod3l,@paniagua_ambar21
https://www.instagram.com/p/B166OkVBPJR/,This never gets old - @ the person you do this to most. ğŸ¥ by @mikepfau,2020-12-10T14:34:20.000Z,0,32,,laurabfs,@felipe_moscatelly
https://www.instagram.com/p/B166OkVBPJR/,This never gets old - @ the person you do this to most. ğŸ¥ by @mikepfau,2020-12-10T15:01:39.000Z,1 ,33,,felipe_moscatelly,Akkakaak
https://www.instagram.com/p/B166OkVBPJR/,This never gets old - @ the person you do this to most. ğŸ¥ by @mikepfau,2020-12-11T11:03:47.000Z,0,34,,kayla_smith7428,@tiffany_goldie she hates it ğŸ˜‚ğŸ˜‚ğŸ˜‚
https://www.instagram.com/p/B166OkVBPJR/,This never gets old - @ the person you do this to most. ğŸ¥ by @mikepfau,2020-12-12T03:11:08.000Z,0,35,,atlasfitnessclub_ct,Wow ğŸ¤©  ğŸ’ªğŸ»ğŸ˜!
https://www.instagram.com/p/B166OkVBPJR/,This never gets old - @ the person you do this to most. ğŸ¥ by @mikepfau,2020-12-13T02:08:01.000Z,1 ,36,,gotdoughhhh_,@k.streeet
https://www.instagram.com/p/B166OkVBPJR/,This never gets old - @ the person you do this to most. ğŸ¥ by @mikepfau,2020-08-31T13:13:59.000Z,0,37,,robbbie__p,@tessabooyens â¤ï¸ğŸ”¥ğŸ”¥ğŸ˜‚ğŸ˜‚ğŸ˜
https://www.instagram.com/p/B166OkVBPJR/,This never gets old - @ the person you do this to most. ğŸ¥ by @mikepfau,2020-09-03T15:46:11.000Z,0,38,,thompson_g88,Not as fast as a tycan
https://www.instagram.com/p/B166OkVBPJR/,This never gets old - @ the person you do this to most. ğŸ¥ by @mikepfau,2020-09-05T20:35:30.000Z,1 ,39,,angelvivaldiofficial,Verified
https://www.instagram.com/p/B166OkVBPJR/,This never gets old - @ the person you do this to most. ğŸ¥ by @mikepfau,2020-09-15T04:07:57.000Z,0,40,,g_gregluis,ğŸ”¥
https://www.instagram.com/p/B166OkVBPJR/,This never gets old - @ the person you do this to most. ğŸ¥ by @mikepfau,2020-09-15T21:55:28.000Z,0,41,,nathan.kessinger,@rihabsobh
https://www.instagram.com/p/B166OkVBPJR/,This never gets old - @ the person you do this to most. ğŸ¥ by @mikepfau,2020-09-19T06:00:41.000Z,0,42,,eriikjung,@victoriously13
https://www.instagram.com/p/B166OkVBPJR/,This never gets old - @ the person you do this to most. ğŸ¥ by @mikepfau,2020-09-29T01:46:28.000Z,0,43,,marcelzerbini,@ra.fa.z
https://www.instagram.com/p/B166OkVBPJR/,This never gets old - @ the person you do this to most. ğŸ¥ by @mikepfau,2020-10-07T08:03:24.000Z,0,44,,losvegasoftime,#xtinağŸ˜ğŸ˜ğŸ˜ğŸ˜ğŸ˜ğŸ˜ğŸ˜ğŸ˜ğŸ˜ğŸ˜ğŸ˜ğŸ˜ğŸ˜
https://www.instagram.com/p/B166OkVBPJR/,This never gets old - @ the person you do this to most. ğŸ¥ by @mikepfau,2020-10-14T11:42:17.000Z,0,45,,voxandoz,ğŸ”¥ğŸ”¥ğŸ”¥ğŸ”¥
https://www.instagram.com/p/B166OkVBPJR/,This never gets old - @ the person you do this to most. ğŸ¥ by @mikepfau,2020-10-23T18:22:49.000Z,0,46,,fernanda.escareno,Jajaja asi hago mi cara cuando aceleras ğŸ™Š @danielde.avila
https://www.instagram.com/p/B166OkVBPJR/,This never gets old - @ the person you do this to most. ğŸ¥ by @mikepfau,2020-07-12T15:29:08.000Z,0,47,,martinsmida,Haha ğŸ˜†
https://www.instagram.com/p/B166OkVBPJR/,This never gets old - @ the person you do this to most. ğŸ¥ by @mikepfau,2020-07-13T12:01:57.000Z,0,48,,carofortunaok,ğŸ”¥ğŸ‘ğŸ½
https://www.instagram.com/p/B166OkVBPJR/,This never gets old - @ the person you do this to most. ğŸ¥ by @mikepfau,2020-07-15T02:00:08.000Z,2 ,49,,thnkcreatively,@iamcardib
https://www.instagram.com/p/B166OkVBPJR/,This never gets old - @ the person you do this to most. ğŸ¥ by @mikepfau,2020-07-19T02:11:10.000Z,1 ,50,,wake_upmypeople,Ik thatâ€™s not cardi in the background
https://www.instagram.com/p/B166OkVBPJR/,This never gets old - @ the person you do this to most. ğŸ¥ by @mikepfau,2020-07-23T01:18:43.000Z,1 ,51,,soloveomemes12,"This happened to me in Boston, I did a drive test haha"
https://www.instagram.com/p/B166OkVBPJR/,This never gets old - @ the person you do this to most. ğŸ¥ by @mikepfau,2020-07-23T22:20:50.000Z,0,52,,mustafaaaaaa_tiry,@gadija_tiry
https://www.instagram.com/p/B166OkVBPJR/,This never gets old - @ the person you do this to most. ğŸ¥ by @mikepfau,2020-08-01T21:23:57.000Z,1 ,53,,ebrulette,@gokcekorpeoglu yeyyyy ğŸ˜ğŸ‘ğŸ»
https://www.instagram.com/p/B166OkVBPJR/,This never gets old - @ the person you do this to most. ğŸ¥ by @mikepfau,2020-08-12T16:43:52.000Z,0,54,,nass_ay,@s_chabs6 câ€™est pour quand ?ğŸ˜‚ğŸ˜‚ğŸ˜‚â¤ï¸
https://www.instagram.com/p/B166OkVBPJR/,This never gets old - @ the person you do this to most. ğŸ¥ by @mikepfau,2020-08-15T16:51:13.000Z,0,55,,santiagocedill0,prueba sola
https://www.instagram.com/p/B166OkVBPJR/,This never gets old - @ the person you do this to most. ğŸ¥ by @mikepfau,2020-08-16T03:30:47.000Z,0,56,,barais_r1an5,@mccaverinha
https://www.instagram.com/p/B166OkVBPJR/,This never gets old - @ the person you do this to most. ğŸ¥ by @mikepfau,2020-08-17T03:36:14.000Z,0,57,,mayur__gupta,I found you here @radhika.wali
https://www.instagram.com/p/B166OkVBPJR/,This never gets old - @ the person you do this to most. ğŸ¥ by @mikepfau,2020-08-21T03:14:54.000Z,1 ,58,,_osaze7,@shad3zofgray ğŸ‘ŠğŸ¾â¤ï¸
https://www.instagram.com/p/B166OkVBPJR/,This never gets old - @ the person you do this to most. ğŸ¥ by @mikepfau,2020-08-29T10:50:54.000Z,1 ,59,,aleixabrado,@nataliacnbl
https://www.instagram.com/p/B166OkVBPJR/,This never gets old - @ the person you do this to most. ğŸ¥ by @mikepfau,2020-06-14T21:12:34.000Z,0,60,,filiprocksen,@svenpunktcom
https://www.instagram.com/p/B166OkVBPJR/,This never gets old - @ the person you do this to most. ğŸ¥ by @mikepfau,2020-06-14T21:13:18.000Z,0,61,,filiprocksen,@reneedepaulaa
https://www.instagram.com/p/B166OkVBPJR/,This never gets old - @ the person you do this to most. ğŸ¥ by @mikepfau,2020-06-15T21:39:42.000Z,0,62,,alimk1iran,@free6630
https://www.instagram.com/p/B166OkVBPJR/,This never gets old - @ the person you do this to most. ğŸ¥ by @mikepfau,2020-06-18T01:26:28.000Z,0,63,,curvy.curvin,ğŸ’•ğŸ’•ğŸ˜…
https://www.instagram.com/p/B166OkVBPJR/,This never gets old - @ the person you do this to most. ğŸ¥ by @mikepfau,2020-06-22T05:13:57.000Z,0,64,,julia.oravitz,@jcoravitz
https://www.instagram.com/p/B166OkVBPJR/,This never gets old - @ the person you do this to most. ğŸ¥ by @mikepfau,2020-06-22T05:14:08.000Z,0,65,,julia.oravitz,@lococodamato ğŸ˜‚
https://www.instagram.com/p/B166OkVBPJR/,This never gets old - @ the person you do this to most. ğŸ¥ by @mikepfau,2020-06-22T06:30:59.000Z,1 ,66,,zoom_m3p,@xochibabyx3
https://www.instagram.com/p/B166OkVBPJR/,This never gets old - @ the person you do this to most. ğŸ¥ by @mikepfau,2020-06-25T19:14:04.000Z,0,67,,majorantzsolt,ğŸ‘ğŸ‘ğŸ‘
https://www.instagram.com/p/B166OkVBPJR/,This never gets old - @ the person you do this to most. ğŸ¥ by @mikepfau,2020-06-26T22:49:55.000Z,1 ,68,,ash.pat.88,@nath_frank_mack
https://www.instagram.com/p/B166OkVBPJR/,This never gets old - @ the person you do this to most. ğŸ¥ by @mikepfau,2020-06-27T07:34:09.000Z,0,69,,bigstang,@harrysandersseo haha those feels
https://www.instagram.com/p/B166OkVBPJR/,This never gets old - @ the person you do this to most. ğŸ¥ by @mikepfau,2020-06-29T02:45:23.000Z,1 ,70,,gabriella_mammana,@gokarolina
https://www.instagram.com/p/B166OkVBPJR/,This never gets old - @ the person you do this to most. ğŸ¥ by @mikepfau,2020-07-01T19:09:44.000Z,1 ,71,,jigaar,@tani_
https://www.instagram.com/p/B166OkVBPJR/,This never gets old - @ the person you do this to most. ğŸ¥ by @mikepfau,2020-07-02T17:59:49.000Z,0,72,,daniel.dvh,@olga_sophie_b ğŸ˜œ
https://www.instagram.com/p/B166OkVBPJR/,This never gets old - @ the person you do this to most. ğŸ¥ by @mikepfau,2020-05-20T05:08:15.000Z,1 ,73,,goldpageg,What is he doing to her?
https://www.instagram.com/p/B166OkVBPJR/,This never gets old - @ the person you do this to most. ğŸ¥ by @mikepfau,2020-05-21T20:28:03.000Z,1 ,74,,icy_hennessey,@footballbaztv
https://www.instagram.com/p/B166OkVBPJR/,This never gets old - @ the person you do this to most. ğŸ¥ by @mikepfau,2020-05-25T16:37:24.000Z,2 ,75,,paulthepilot3,@lupita_briganti @missvera.ig @notcolin938
https://www.instagram.com/p/B166OkVBPJR/,This never gets old - @ the person you do this to most. ğŸ¥ by @mikepfau,2020-05-26T11:24:37.000Z,0,76,,purple_xenie,pharaka kiwa
https://www.instagram.com/p/B166OkVBPJR/,This never gets old - @ the person you do this to most. ğŸ¥ by @mikepfau,2020-05-27T07:23:33.000Z,0,77,,jimmyjamoco,Those induction motors have a lot of torque
https://www.instagram.com/p/B166OkVBPJR/,This never gets old - @ the person you do this to most. ğŸ¥ by @mikepfau,2020-05-28T05:41:40.000Z,0,78,,lshookz,@alaxwoody us today ğŸ˜‚
https://www.instagram.com/p/B166OkVBPJR/,This never gets old - @ the person you do this to most. ğŸ¥ by @mikepfau,2020-05-28T17:28:23.000Z,0,79,,chewy__huang,@lowkeysavvvvv
https://www.instagram.com/p/B166OkVBPJR/,This never gets old - @ the person you do this to most. ğŸ¥ by @mikepfau,2020-06-04T13:42:46.000Z,2 ,80,,sanjog_chhabra,teslağŸ‡®ğŸ‡³ğŸ‡®ğŸ‡³ who wants hit likeğŸ™‚
https://www.instagram.com/p/B166OkVBPJR/,This never gets old - @ the person you do this to most. ğŸ¥ by @mikepfau,2020-06-04T15:38:44.000Z,0,81,,alldadstalk,@allmumstalk ğŸ˜…
https://www.instagram.com/p/B166OkVBPJR/,This never gets old - @ the person you do this to most. ğŸ¥ by @mikepfau,2020-06-11T23:14:41.000Z,0,82,,_zrobenz,forehead
https://www.instagram.com/p/B166OkVBPJR/,This never gets old - @ the person you do this to most. ğŸ¥ by @mikepfau,2020-06-13T19:46:24.000Z,1 ,83,,holyt0ria,@la.mikiii
https://www.instagram.com/p/B166OkVBPJR/,This never gets old - @ the person you do this to most. ğŸ¥ by @mikepfau,2020-06-14T11:14:25.000Z,0,84,,slyzerxlive,@abigailmo123love
https://www.instagram.com/p/B166OkVBPJR/,This never gets old - @ the person you do this to most. ğŸ¥ by @mikepfau,2020-04-15T20:46:13.000Z,1 ,85,,millenniumcreek,Crazy fast acceleration cannot get old.
https://www.instagram.com/p/B166OkVBPJR/,This never gets old - @ the person you do this to most. ğŸ¥ by @mikepfau,2020-04-19T16:14:56.000Z,0,86,,mynkryptdlife,Im done. ğŸ”¥ so is she
https://www.instagram.com/p/B166OkVBPJR/,This never gets old - @ the person you do this to most. ğŸ¥ by @mikepfau,2020-04-30T15:51:17.000Z,0,87,,i.a.m_jordan,Instant take offğŸš€âœ¨
https://www.instagram.com/p/B166OkVBPJR/,This never gets old - @ the person you do this to most. ğŸ¥ by @mikepfau,2020-05-01T18:51:33.000Z,0,88,,thejasminedavis,I can't wait to get one
https://www.instagram.com/p/B166OkVBPJR/,This never gets old - @ the person you do this to most. ğŸ¥ by @mikepfau,2020-05-02T14:21:37.000Z,0,89,,investment_711,Pure ecstacy! He just sealed the date.ğŸ”¥ğŸ”¥ğŸ”¥
https://www.instagram.com/p/B166OkVBPJR/,This never gets old - @ the person you do this to most. ğŸ¥ by @mikepfau,2020-05-05T23:49:34.000Z,0,90,,the_freem_team,Awwww... That looks like me and wifey type of love lol follow the Team for AUTHENTIC Videos ğŸ§¡ğŸ™ŒğŸ¼
https://www.instagram.com/p/B166OkVBPJR/,This never gets old - @ the person you do this to most. ğŸ¥ by @mikepfau,2020-05-05T23:49:47.000Z,0,91,,the_freem_team,@teslamotors
https://www.instagram.com/p/B166OkVBPJR/,This never gets old - @ the person you do this to most. ğŸ¥ by @mikepfau,2020-05-06T00:46:11.000Z,1 ,92,,the.only.patel,@alishap15
https://www.instagram.com/p/B166OkVBPJR/,This never gets old - @ the person you do this to most. ğŸ¥ by @mikepfau,2020-05-06T07:45:33.000Z,0,93,,sheyda_star,ğŸ˜‚
https://www.instagram.com/p/B166OkVBPJR/,This never gets old - @ the person you do this to most. ğŸ¥ by @mikepfau,2020-05-10T04:34:50.000Z,0,94,,parth_xv,Thanks to all the engineers working behind @teslamotors.
https://www.instagram.com/p/B166OkVBPJR/,This never gets old - @ the person you do this to most. ğŸ¥ by @mikepfau,2020-05-12T11:56:16.000Z,0,95,,marwanthephidelt,@andrewgoot I think he hates me for it tbh
https://www.instagram.com/p/B166OkVBPJR/,This never gets old - @ the person you do this to most. ğŸ¥ by @mikepfau,2020-05-18T12:23:26.000Z,1 ,96,,petertriminator,@mrs_kat_pearce remember doing this?
https://www.instagram.com/p/B166OkVBPJR/,This never gets old - @ the person you do this to most. ğŸ¥ by @mikepfau,2020-02-20T17:57:46.000Z,0,97,,steelframeconect,Top
https://www.instagram.com/p/B166OkVBPJR/,This never gets old - @ the person you do this to most. ğŸ¥ by @mikepfau,2020-02-21T11:41:56.000Z,0,98,,soldiers_voice,ğŸ¤£
https://www.instagram.com/p/B166OkVBPJR/,This never gets old - @ the person you do this to most. ğŸ¥ by @mikepfau,2020-02-27T05:55:47.000Z,0,99,,_sayravanessa,@chrischaidez123 youuuu.
https://www.instagram.com/p/B166OkVBPJR/,This never gets old - @ the person you do this to most. ğŸ¥ by @mikepfau,2020-03-05T20:37:30.000Z,0,100,,benko66992,@wisko5 ğŸ˜‚
https://www.instagram.com/p/B166OkVBPJR/,This never gets old - @ the person you do this to most. ğŸ¥ by @mikepfau,2020-03-05T20:39:36.000Z,0,101,,coderreg,@veronikahfx
https://www.instagram.com/p/B166OkVBPJR/,This never gets old - @ the person you do this to most. ğŸ¥ by @mikepfau,2020-03-07T03:18:36.000Z,2 ,102,,jessicabezak,This was you today ğŸ˜‚ğŸ˜‚ @amanda_bezak
https://www.instagram.com/p/B166OkVBPJR/,This never gets old - @ the person you do this to most. ğŸ¥ by @mikepfau,2020-03-09T18:57:42.000Z,1 ,103,,thevincenzolandino,@schmittastic ğŸ˜‚
https://www.instagram.com/p/B166OkVBPJR/,This never gets old - @ the person you do this to most. ğŸ¥ by @mikepfau,2020-04-03T16:44:25.000Z,1 ,104,,moregonevans,"@karen.a.va see, youâ€™re supposed to laugh ğŸ˜‰ğŸ˜˜â¤ï¸"
https://www.instagram.com/p/B166OkVBPJR/,This never gets old - @ the person you do this to most. ğŸ¥ by @mikepfau,2020-04-04T16:04:02.000Z,0,105,,cmadrazom,@sofivallejo
https://www.instagram.com/p/B166OkVBPJR/,This never gets old - @ the person you do this to most. ğŸ¥ by @mikepfau,2020-04-06T22:34:38.000Z,2 ,106,,ali_bokhamseen,@a_abdulmutaleb @ashraf687
https://www.instagram.com/p/B166OkVBPJR/,This never gets old - @ the person you do this to most. ğŸ¥ by @mikepfau,2020-04-11T19:25:08.000Z,1 ,107,,sahilalright,Is it me or he looks like Aldrich killian
https://www.instagram.com/p/B166OkVBPJR/,This never gets old - @ the person you do this to most. ğŸ¥ by @mikepfau,2020-01-12T21:27:35.000Z,1 ,108,,ffernando7777,@bigdaddyvictoria
https://www.instagram.com/p/B166OkVBPJR/,This never gets old - @ the person you do this to most. ğŸ¥ by @mikepfau,2020-01-12T21:27:57.000Z,1 ,109,,ffernando7777,@polo.dlm
https://www.instagram.com/p/B166OkVBPJR/,This never gets old - @ the person you do this to most. ğŸ¥ by @mikepfau,2020-01-15T03:09:56.000Z,4 ,110,,halfbakedpinoy,My wife has the same reaction.. ğŸ¤£ğŸ˜‚ğŸ˜†ğŸŒğŸŒ‹
https://www.instagram.com/p/B166OkVBPJR/,This never gets old - @ the person you do this to most. ğŸ¥ by @mikepfau,2020-01-17T23:47:41.000Z,0,111,,andrew_rios_,@scottbrackenn
https://www.instagram.com/p/B166OkVBPJR/,This never gets old - @ the person you do this to most. ğŸ¥ by @mikepfau,2020-01-20T21:25:48.000Z,5 ,112,,jay.liptak,What speed made her top come undone?
https://www.instagram.com/p/B166OkVBPJR/,This never gets old - @ the person you do this to most. ğŸ¥ by @mikepfau,2020-01-24T01:32:51.000Z,0,113,,j_o_e_y_s_,Thatâ€™s too cuteâ¤ï¸
https://www.instagram.com/p/B166OkVBPJR/,This never gets old - @ the person you do this to most. ğŸ¥ by @mikepfau,2020-01-24T03:19:03.000Z,1 ,114,,jvh13m,@christinehiidalgo
https://www.instagram.com/p/B166OkVBPJR/,This never gets old - @ the person you do this to most. ğŸ¥ by @mikepfau,2020-01-24T14:48:56.000Z,0,115,,tnymoen,@kristinmathisen ğŸ˜
https://www.instagram.com/p/B166OkVBPJR/,This never gets old - @ the person you do this to most. ğŸ¥ by @mikepfau,2020-01-26T23:01:16.000Z,1 ,116,,kaimanalii,This is us. ğŸ˜‚ @drewskee808
https://www.instagram.com/p/B166OkVBPJR/,This never gets old - @ the person you do this to most. ğŸ¥ by @mikepfau,2020-02-01T00:19:47.000Z,1 ,117,,zoe.yager,@tracy.yager
https://www.instagram.com/p/B166OkVBPJR/,This never gets old - @ the person you do this to most. ğŸ¥ by @mikepfau,2020-02-02T18:08:23.000Z,1 ,118,,mn.sang,@_mchelle.v
https://www.instagram.com/p/B166OkVBPJR/,This never gets old - @ the person you do this to most. ğŸ¥ by @mikepfau,2020-02-09T09:58:29.000Z,2 ,119,,yoskayt,@adrii._.01
https://www.instagram.com/p/B166OkVBPJR/,This never gets old - @ the person you do this to most. ğŸ¥ by @mikepfau,2020-02-12T07:14:03.000Z,0,120,,elyod3,Hahaha!! Love it!
https://www.instagram.com/p/B166OkVBPJR/,This never gets old - @ the person you do this to most. ğŸ¥ by @mikepfau,2019-12-06T03:14:38.000Z,0,121,,jhosted,ğŸ‘ŒğŸ½ğŸ‘ˆğŸ½ ğŸ”
https://www.instagram.com/p/B166OkVBPJR/,This never gets old - @ the person you do this to most. ğŸ¥ by @mikepfau,2019-12-09T21:44:27.000Z,2 ,122,,albertlee_,@funasaki.teron @cobilee25
https://www.instagram.com/p/B166OkVBPJR/,This never gets old - @ the person you do this to most. ğŸ¥ by @mikepfau,2019-12-11T10:52:58.000Z,1 ,123,,mechani.cal,@jessswan ğŸ˜‚
https://www.instagram.com/p/B166OkVBPJR/,This never gets old - @ the person you do this to most. ğŸ¥ by @mikepfau,2019-12-12T21:25:59.000Z,0,124,,ricardocross,@kristinev.gallegos ğŸ˜˜ğŸ˜˜ğŸ˜˜
https://www.instagram.com/p/B166OkVBPJR/,This never gets old - @ the person you do this to most. ğŸ¥ by @mikepfau,2019-12-13T21:42:57.000Z,0,125,,felipemorales90,@jamferco
https://www.instagram.com/p/B166OkVBPJR/,This never gets old - @ the person you do this to most. ğŸ¥ by @mikepfau,2019-12-18T01:45:43.000Z,0,126,,benjaminrl_,ğŸ‘ŒğŸ‘Œ
https://www.instagram.com/p/B166OkVBPJR/,This never gets old - @ the person you do this to most. ğŸ¥ by @mikepfau,2019-12-19T16:25:46.000Z,0,127,,tarims,@jamesshim87
https://www.instagram.com/p/B166OkVBPJR/,This never gets old - @ the person you do this to most. ğŸ¥ by @mikepfau,2019-12-31T02:59:07.000Z,0,128,,wavesofbliss_soundtherapy,@jwadope
https://www.instagram.com/p/B166OkVBPJR/,This never gets old - @ the person you do this to most. ğŸ¥ by @mikepfau,2020-01-01T22:52:17.000Z,0,129,,hoonyshinn,@dskang89
https://www.instagram.com/p/B166OkVBPJR/,This never gets old - @ the person you do this to most. ğŸ¥ by @mikepfau,2020-01-09T09:07:31.000Z,1 ,130,,zelmagutierrezgonzales,@marcelvanoasla
https://www.instagram.com/p/B166OkVBPJR/,This never gets old - @ the person you do this to most. ğŸ¥ by @mikepfau,2020-01-11T14:10:56.000Z,1 ,131,,tweej101,@samsammysambo
https://www.instagram.com/p/B166OkVBPJR/,This never gets old - @ the person you do this to most. ğŸ¥ by @mikepfau,2019-11-25T22:50:57.000Z,2 ,132,,shanonscully,@trentankruger when did you get a Tesla? Lol
https://www.instagram.com/p/B166OkVBPJR/,This never gets old - @ the person you do this to most. ğŸ¥ by @mikepfau,2019-11-26T00:44:52.000Z,2 ,133,,atl.mumu,@sincerely.niaa
https://www.instagram.com/p/B166OkVBPJR/,This never gets old - @ the person you do this to most. ğŸ¥ by @mikepfau,2019-11-26T04:00:22.000Z,6 ,134,,general_parking_spot,U should get her in a Dodge demon
https://www.instagram.com/p/B166OkVBPJR/,This never gets old - @ the person you do this to most. ğŸ¥ by @mikepfau,2019-11-26T04:13:52.000Z,1 ,135,,stevehearst,@loreehearst â¤ï¸ğŸ‘
https://www.instagram.com/p/B166OkVBPJR/,This never gets old - @ the person you do this to most. ğŸ¥ by @mikepfau,2019-11-27T02:32:14.000Z,2 ,136,,bavinport,Gay af
https://www.instagram.com/p/B166OkVBPJR/,This never gets old - @ the person you do this to most. ğŸ¥ by @mikepfau,2019-11-27T03:28:41.000Z,4 ,137,,ottobismar1,"2029 : mom, why did people in 2019 often shocked by this normal acceleration?"
https://www.instagram.com/p/B166OkVBPJR/,This never gets old - @ the person you do this to most. ğŸ¥ by @mikepfau,2019-11-28T02:29:36.000Z,0,138,,revcates,Nice @garrettleight Kinneys!
https://www.instagram.com/p/B166OkVBPJR/,This never gets old - @ the person you do this to most. ğŸ¥ by @mikepfau,2019-11-28T10:33:26.000Z,1 ,139,,tariqkhans,Posts like this just make Teslaâ€™s seem gay AF !
https://www.instagram.com/p/B166OkVBPJR/,This never gets old - @ the person you do this to most. ğŸ¥ by @mikepfau,2019-11-28T19:37:46.000Z,9 ,140,,_grferreira,"This car isn't scary!! Throw this women in a Lamborghini and ler her listen to the beautiful v12 singing or inside a Demon so she can hear the roar of a V8 mixed with the whine of a powerful supercharger and if you want to go crazier throw her inside a 1000hp supra and let her enjoy the ""sstustustutututu""."
https://www.instagram.com/p/B166OkVBPJR/,This never gets old - @ the person you do this to most. ğŸ¥ by @mikepfau,2019-11-29T08:10:25.000Z,1 ,141,,valeriasancha,@martim.m em pasa aixo amb tu y e bmw tiooo jajajaj
https://www.instagram.com/p/B166OkVBPJR/,This never gets old - @ the person you do this to most. ğŸ¥ by @mikepfau,2019-12-02T04:53:37.000Z,0,142,,taheri.hasan71,@mo.ali.tahery
https://www.instagram.com/p/B166OkVBPJR/,This never gets old - @ the person you do this to most. ğŸ¥ by @mikepfau,2019-12-04T10:52:19.000Z,5 ,143,,danoleye,Ahahah that queer screams trust fund baby in his gay salmon v
https://www.instagram.com/p/B166OkVBPJR/,This never gets old - @ the person you do this to most. ğŸ¥ by @mikepfau,2019-12-04T21:47:57.000Z,0,144,,juan_tep_58,@marielita_aam cuando sientes la velocidad en tu pancita jajaja
https://www.instagram.com/p/B166OkVBPJR/,This never gets old - @ the person you do this to most. ğŸ¥ by @mikepfau,2019-11-22T20:00:23.000Z,1 ,145,,samueleestrada,@_gabriel_estrada
https://www.instagram.com/p/B166OkVBPJR/,This never gets old - @ the person you do this to most. ğŸ¥ by @mikepfau,2019-11-22T20:09:35.000Z,7 ,146,,juliangutierrez5,I'll buy one if it gets her ğŸ’¦ğŸ’¦
https://www.instagram.com/p/B166OkVBPJR/,This never gets old - @ the person you do this to most. ğŸ¥ by @mikepfau,2019-11-22T20:54:23.000Z,1 ,147,,eivindrs,@ingerbknudsen
https://www.instagram.com/p/B166OkVBPJR/,This never gets old - @ the person you do this to most. ğŸ¥ by @mikepfau,2019-11-22T22:41:54.000Z,2 ,148,,lysxvo,@lysxvo myself
https://www.instagram.com/p/B166OkVBPJR/,This never gets old - @ the person you do this to most. ğŸ¥ by @mikepfau,2019-11-23T03:08:11.000Z,2 ,149,,ashketchumponchu,???
https://www.instagram.com/p/B166OkVBPJR/,This never gets old - @ the person you do this to most. ğŸ¥ by @mikepfau,2019-11-23T12:05:33.000Z,5 ,150,,jakob.leander,Try it on a German highway
https://www.instagram.com/p/B166OkVBPJR/,This never gets old - @ the person you do this to most. ğŸ¥ by @mikepfau,2019-11-23T13:28:10.000Z,1 ,151,,jayboihd210.tv,Lol
https://www.instagram.com/p/B166OkVBPJR/,This never gets old - @ the person you do this to most. ğŸ¥ by @mikepfau,2019-11-23T15:06:02.000Z,1 ,152,,houlegraversen,@trine_oxholm
https://www.instagram.com/p/B166OkVBPJR/,This never gets old - @ the person you do this to most. ğŸ¥ by @mikepfau,2019-11-23T17:30:18.000Z,0,153,,prattcyrus,Fake!!!
https://www.instagram.com/p/B166OkVBPJR/,This never gets old - @ the person you do this to most. ğŸ¥ by @mikepfau,2019-11-24T03:34:54.000Z,0,154,,gypsytnt,@joe.last.insta
https://www.instagram.com/p/B166OkVBPJR/,This never gets old - @ the person you do this to most. ğŸ¥ by @mikepfau,2019-11-24T05:38:44.000Z,1 ,155,,grigzyy,@courtneyy95
https://www.instagram.com/p/B166OkVBPJR/,This never gets old - @ the person you do this to most. ğŸ¥ by @mikepfau,2019-11-25T14:49:27.000Z,0,156,,spewnewt,@lindze.quillen
https://www.instagram.com/p/B166OkVBPJR/,This never gets old - @ the person you do this to most. ğŸ¥ by @mikepfau,2019-11-04T02:23:26.000Z,0,157,,_lukecarney,CHECK OUT MY DM
https://www.instagram.com/p/B166OkVBPJR/,This never gets old - @ the person you do this to most. ğŸ¥ by @mikepfau,2019-11-04T06:59:53.000Z,2 ,158,,grant_branstetter,@hannah.wood
https://www.instagram.com/p/B166OkVBPJR/,This never gets old - @ the person you do this to most. ğŸ¥ by @mikepfau,2019-11-09T18:39:46.000Z,2 ,159,,teddy_but_better,@ned.hibberd @bellapug11
https://www.instagram.com/p/B166OkVBPJR/,This never gets old - @ the person you do this to most. ğŸ¥ by @mikepfau,2019-11-13T21:24:21.000Z,1 ,160,,kiekste,â¤ï¸
https://www.instagram.com/p/B166OkVBPJR/,This never gets old - @ the person you do this to most. ğŸ¥ by @mikepfau,2019-11-16T10:15:35.000Z,0,161,,mattyrdunc,@_jane_sim this will be fun
https://www.instagram.com/p/B166OkVBPJR/,This never gets old - @ the person you do this to most. ğŸ¥ by @mikepfau,2019-11-20T06:39:44.000Z,1 ,162,,beautythroughmyeyes,"@kingstage3 sorry, I love you ğŸ¤£ğŸ¤£ğŸ¤£"
https://www.instagram.com/p/B166OkVBPJR/,This never gets old - @ the person you do this to most. ğŸ¥ by @mikepfau,2019-11-22T06:26:50.000Z,1 ,163,,chrishorton.90,@heathernash93
https://www.instagram.com/p/B166OkVBPJR/,This never gets old - @ the person you do this to most. ğŸ¥ by @mikepfau,2019-11-22T07:06:57.000Z,0,164,,speedbooost,Girl is nice. U keep the car ğŸ‘ğŸ‘
https://www.instagram.com/p/B166OkVBPJR/,This never gets old - @ the person you do this to most. ğŸ¥ by @mikepfau,2019-11-22T08:34:52.000Z,0,165,,thatonesagittariusboi,@farizxify
https://www.instagram.com/p/B166OkVBPJR/,This never gets old - @ the person you do this to most. ğŸ¥ by @mikepfau,2019-11-22T17:00:38.000Z,0,166,,rs.gera,ğŸ¥±
https://www.instagram.com/p/B166OkVBPJR/,This never gets old - @ the person you do this to most. ğŸ¥ by @mikepfau,2019-11-22T17:39:08.000Z,6 ,167,,_yo_pauly_,Sheâ€™s faking it...stay woke ğŸ˜³
https://www.instagram.com/p/B166OkVBPJR/,This never gets old - @ the person you do this to most. ğŸ¥ by @mikepfau,2019-11-22T19:06:38.000Z,0,168,,art_yervin,Ğ¨ĞºÑƒÑ€Ğ° Ğ¿Ğ¾Ñ‚ĞµĞºĞ»Ğ°
https://www.instagram.com/p/B166OkVBPJR/,This never gets old - @ the person you do this to most. ğŸ¥ by @mikepfau,2019-10-13T13:47:48.000Z,0,169,,steezyysosa,@xojaayyy ğŸ˜‚â¤ï¸ğŸ¸
https://www.instagram.com/p/B166OkVBPJR/,This never gets old - @ the person you do this to most. ğŸ¥ by @mikepfau,2019-10-13T21:44:21.000Z,0,170,,hammock_havens,..Ohh man is this what @teslamotors has been working on with @lovensetoys .. i mean they both have HIUGE smiles and the women is in AW.. what more could you ask for
https://www.instagram.com/p/B166OkVBPJR/,This never gets old - @ the person you do this to most. ğŸ¥ by @mikepfau,2019-10-15T17:45:53.000Z,0,171,,_jennrose_,@graham_matthew_80 ğŸ˜‚
https://www.instagram.com/p/B166OkVBPJR/,This never gets old - @ the person you do this to most. ğŸ¥ by @mikepfau,2019-10-16T05:34:01.000Z,0,172,,jerzyrep646,All white interior? That must be a pain to clean
https://www.instagram.com/p/B166OkVBPJR/,This never gets old - @ the person you do this to most. ğŸ¥ by @mikepfau,2019-10-16T12:37:17.000Z,1 ,173,,ericoduke,@kelvgram @chua.wa @alexis_maliksi ğŸ˜œ
https://www.instagram.com/p/B166OkVBPJR/,This never gets old - @ the person you do this to most. ğŸ¥ by @mikepfau,2019-10-16T14:13:43.000Z,1 ,174,,northweek,Verified
https://www.instagram.com/p/B166OkVBPJR/,This never gets old - @ the person you do this to most. ğŸ¥ by @mikepfau,2019-10-18T01:56:46.000Z,5 ,175,,chronormcgregor,I need a Tesla in my life ğŸ™ It's all I think about day and night lol I'm obsessed #oneday
https://www.instagram.com/p/B166OkVBPJR/,This never gets old - @ the person you do this to most. ğŸ¥ by @mikepfau,2019-10-18T08:46:12.000Z,3 ,176,,philipngass,@olivergass
https://www.instagram.com/p/B166OkVBPJR/,This never gets old - @ the person you do this to most. ğŸ¥ by @mikepfau,2019-10-21T21:42:44.000Z,2 ,177,,lollidsm,@foldakr get ekki beÃ°iÃ° eftir aÃ° gera Ã¾etta alla daga ğŸ‘ğŸ¤ªâ¤ï¸
https://www.instagram.com/p/B166OkVBPJR/,This never gets old - @ the person you do this to most. ğŸ¥ by @mikepfau,2019-10-22T21:30:49.000Z,2 ,178,,sweetlou1320_,Lmfao I guess he never been under boost lol
https://www.instagram.com/p/B166OkVBPJR/,This never gets old - @ the person you do this to most. ğŸ¥ by @mikepfau,2019-10-24T11:26:17.000Z,1 ,179,,aleixabrado,@nataliacnbl teletransporte
https://www.instagram.com/p/B166OkVBPJR/,This never gets old - @ the person you do this to most. ğŸ¥ by @mikepfau,2019-11-02T23:44:29.000Z,3 ,180,,terikcroiset,@maryannplouv nous tout a l'heure
https://www.instagram.com/p/B166OkVBPJR/,This never gets old - @ the person you do this to most. ğŸ¥ by @mikepfau,2019-09-28T02:41:16.000Z,0,181,,waygoer,ğŸ¤˜ğŸ§šâ€â™‚ï¸ğŸ¤˜
https://www.instagram.com/p/B166OkVBPJR/,This never gets old - @ the person you do this to most. ğŸ¥ by @mikepfau,2019-09-28T10:49:19.000Z,0,182,,bobhasadream,@ellisonkaty
https://www.instagram.com/p/B166OkVBPJR/,This never gets old - @ the person you do this to most. ğŸ¥ by @mikepfau,2019-09-28T13:04:20.000Z,1 ,183,,realestate_ric_,@rosaelena07 @ximenoboa your kids! Lol
https://www.instagram.com/p/B166OkVBPJR/,This never gets old - @ the person you do this to most. ğŸ¥ by @mikepfau,2019-09-29T13:52:30.000Z,1 ,184,,dkouroupis99,@franniee.b
https://www.instagram.com/p/B166OkVBPJR/,This never gets old - @ the person you do this to most. ğŸ¥ by @mikepfau,2019-09-30T02:08:11.000Z,0,185,,allenjsz,@jhanda2480
https://www.instagram.com/p/B166OkVBPJR/,This never gets old - @ the person you do this to most. ğŸ¥ by @mikepfau,2019-10-03T17:43:45.000Z,0,186,,n_tiwarii,@anikashetty_ pt 2
https://www.instagram.com/p/B166OkVBPJR/,This never gets old - @ the person you do this to most. ğŸ¥ by @mikepfau,2019-10-04T06:43:46.000Z,2 ,187,,kisuniastarshop,We can still have a future
https://www.instagram.com/p/B166OkVBPJR/,This never gets old - @ the person you do this to most. ğŸ¥ by @mikepfau,2019-10-04T15:44:39.000Z,0,188,,xjanxa,@freerkschuett
https://www.instagram.com/p/B166OkVBPJR/,This never gets old - @ the person you do this to most. ğŸ¥ by @mikepfau,2019-10-05T03:37:58.000Z,0,189,,jessica.rigoli,@rickrigoli ğŸ˜‚ğŸ˜‚
https://www.instagram.com/p/B166OkVBPJR/,This never gets old - @ the person you do this to most. ğŸ¥ by @mikepfau,2019-10-05T13:19:05.000Z,1 ,190,,cecilia.a.a.a,@osmaniacc jij bij mij ğŸ˜’
https://www.instagram.com/p/B166OkVBPJR/,This never gets old - @ the person you do this to most. ğŸ¥ by @mikepfau,2019-10-07T02:03:15.000Z,2 ,191,,mo.drips,I donâ€™t get this video ?
https://www.instagram.com/p/B166OkVBPJR/,This never gets old - @ the person you do this to most. ğŸ¥ by @mikepfau,2019-10-13T09:37:54.000Z,0,192,,mrkennyv,@lotte.dz ... to be ğŸ™Œ
https://www.instagram.com/p/B166OkVBPJR/,This never gets old - @ the person you do this to most. ğŸ¥ by @mikepfau,2019-09-19T18:07:38.000Z,0,193,,hamelikianoosh,@teslamotors â¤â¤â¤â¤
https://www.instagram.com/p/B166OkVBPJR/,This never gets old - @ the person you do this to most. ğŸ¥ by @mikepfau,2019-09-19T22:12:59.000Z,0,194,,adamantium_steele,@iwokeuplikethisyup Type â€œRâ€ ğŸ¤£
https://www.instagram.com/p/B166OkVBPJR/,This never gets old - @ the person you do this to most. ğŸ¥ by @mikepfau,2019-09-20T15:33:29.000Z,0,195,,deanlalap,Hi @helen_wadurmelon
https://www.instagram.com/p/B166OkVBPJR/,This never gets old - @ the person you do this to most. ğŸ¥ by @mikepfau,2019-09-21T08:42:13.000Z,2 ,196,,elifyenipinarr,@aybikegun
https://www.instagram.com/p/B166OkVBPJR/,This never gets old - @ the person you do this to most. ğŸ¥ by @mikepfau,2019-09-21T12:19:41.000Z,0,197,,nathandamsteeg,@rsn.leon Giel misschien ğŸ¤£ğŸ¤£
https://www.instagram.com/p/B166OkVBPJR/,This never gets old - @ the person you do this to most. ğŸ¥ by @mikepfau,2019-09-21T19:14:32.000Z,0,198,,b1ack.angel,@smonfscher @DerLiebePorschefahrerDerMichZumRennenAuffordernWollteğŸ¤”ğŸ”ğŸ˜‚ğŸ™ŒğŸ»
https://www.instagram.com/p/B166OkVBPJR/,This never gets old - @ the person you do this to most. ğŸ¥ by @mikepfau,2019-09-22T06:05:15.000Z,0,199,,soza.pidgeon,"When guys go from doing this in Lamborghinis and GTRs to Teslas, that's when you know you've made it"
https://www.instagram.com/p/B166OkVBPJR/,This never gets old - @ the person you do this to most. ğŸ¥ by @mikepfau,2019-09-24T16:17:36.000Z,0,200,,jazmyn_moore,@marquettemoore ğŸ˜‘
https://www.instagram.com/p/B166OkVBPJR/,This never gets old - @ the person you do this to most. ğŸ¥ by @mikepfau,2019-09-24T19:03:02.000Z,0,201,,zeek920,Tesla 2020 Roaster is finna be a blast
https://www.instagram.com/p/B166OkVBPJR/,This never gets old - @ the person you do this to most. ğŸ¥ by @mikepfau,2019-09-27T02:01:18.000Z,2 ,202,,hpresley,Still waiting for ludicrous mode @jspresley
https://www.instagram.com/p/B166OkVBPJR/,This never gets old - @ the person you do this to most. ğŸ¥ by @mikepfau,2019-09-27T14:58:32.000Z,1 ,203,,gabe.canicosa,@kaecurameng
https://www.instagram.com/p/B166OkVBPJR/,This never gets old - @ the person you do this to most. ğŸ¥ by @mikepfau,2019-09-27T23:50:02.000Z,0,204,,nanulovesu,@8lijah_rahal @jazzy_oama_flower
https://www.instagram.com/p/B166OkVBPJR/,This never gets old - @ the person you do this to most. ğŸ¥ by @mikepfau,2019-09-13T18:07:10.000Z,0,205,,thinking.thinkers,@taxgeek9
https://www.instagram.com/p/B166OkVBPJR/,This never gets old - @ the person you do this to most. ğŸ¥ by @mikepfau,2019-09-13T19:36:06.000Z,0,206,,ealopez16,@marqu33n
https://www.instagram.com/p/B166OkVBPJR/,This never gets old - @ the person you do this to most. ğŸ¥ by @mikepfau,2019-09-13T19:38:31.000Z,1 ,207,,bo_aylor,@hannahcurtyy
https://www.instagram.com/p/B166OkVBPJR/,This never gets old - @ the person you do this to most. ğŸ¥ by @mikepfau,2019-09-14T01:33:30.000Z,1 ,208,,konz_b,@alibutskiy
https://www.instagram.com/p/B166OkVBPJR/,This never gets old - @ the person you do this to most. ğŸ¥ by @mikepfau,2019-09-14T15:38:49.000Z,0,209,,plutoindisguise,@ciaratroutt
https://www.instagram.com/p/B166OkVBPJR/,This never gets old - @ the person you do this to most. ğŸ¥ by @mikepfau,2019-09-15T02:38:05.000Z,0,210,,m.ttg,@dr.kaylamarie
https://www.instagram.com/p/B166OkVBPJR/,This never gets old - @ the person you do this to most. ğŸ¥ by @mikepfau,2019-09-15T08:58:25.000Z,0,211,,e_k_workout_n_eats,Sorry no engine revs=boring car
https://www.instagram.com/p/B166OkVBPJR/,This never gets old - @ the person you do this to most. ğŸ¥ by @mikepfau,2019-09-16T05:27:14.000Z,1 ,212,,morganhardley,@mimitinthisb â¤ï¸
https://www.instagram.com/p/B166OkVBPJR/,This never gets old - @ the person you do this to most. ğŸ¥ by @mikepfau,2019-09-17T05:28:21.000Z,0,213,,art.mehdi_sh,ğŸ‘
https://www.instagram.com/p/B166OkVBPJR/,This never gets old - @ the person you do this to most. ğŸ¥ by @mikepfau,2019-09-18T18:30:28.000Z,0,214,,brian_shim,@kellyjenine except I push your forehead back first ğŸ˜‚
https://www.instagram.com/p/B166OkVBPJR/,This never gets old - @ the person you do this to most. ğŸ¥ by @mikepfau,2019-09-19T17:00:32.000Z,1 ,215,,cptn_rex,Is this video taken with the internal cameras?
https://www.instagram.com/p/B166OkVBPJR/,This never gets old - @ the person you do this to most. ğŸ¥ by @mikepfau,2019-09-10T04:47:16.000Z,0,216,,analogsystems,Love the launch ğŸš€
https://www.instagram.com/p/B166OkVBPJR/,This never gets old - @ the person you do this to most. ğŸ¥ by @mikepfau,2019-09-10T07:39:34.000Z,0,217,,yesmrking,@dr_adams
https://www.instagram.com/p/B166OkVBPJR/,This never gets old - @ the person you do this to most. ğŸ¥ by @mikepfau,2019-09-10T16:05:07.000Z,0,218,,emanuelzichtl,:D
https://www.instagram.com/p/B166OkVBPJR/,This never gets old - @ the person you do this to most. ğŸ¥ by @mikepfau,2019-09-10T20:19:57.000Z,0,219,,mosmrkissoon,@alexandra_renuka
https://www.instagram.com/p/B166OkVBPJR/,This never gets old - @ the person you do this to most. ğŸ¥ by @mikepfau,2019-09-11T05:50:51.000Z,0,220,,teslavseverything,That torque ğŸ”¥
https://www.instagram.com/p/B166OkVBPJR/,This never gets old - @ the person you do this to most. ğŸ¥ by @mikepfau,2019-09-11T13:31:16.000Z,0,221,,46_motors,ğŸ‘ğŸ‘
https://www.instagram.com/p/B166OkVBPJR/,This never gets old - @ the person you do this to most. ğŸ¥ by @mikepfau,2019-09-11T13:31:19.000Z,0,222,,46_motors,ğŸ‘ğŸ‘
https://www.instagram.com/p/B166OkVBPJR/,This never gets old - @ the person you do this to most. ğŸ¥ by @mikepfau,2019-09-11T23:54:53.000Z,1 ,223,,mohamadali.mollaei,"Hello My name is Mohammad from Iran My age is 19 years I have a few ideas about cars And I have inventions in the field of cars I have invented a device that can help keep the cabin temperature at the right temperature after the car is turned off to prevent the car's leather from disappearing, and I have several other ideas that I would be happy to work with"
https://www.instagram.com/p/B166OkVBPJR/,This never gets old - @ the person you do this to most. ğŸ¥ by @mikepfau,2019-09-12T02:31:55.000Z,0,224,,malinaka6,Do U have Thai musics?ğŸ˜…ğŸ˜
https://www.instagram.com/p/B166OkVBPJR/,This never gets old - @ the person you do this to most. ğŸ¥ by @mikepfau,2019-09-12T06:00:58.000Z,0,225,,tabikha,@whitbh
https://www.instagram.com/p/B166OkVBPJR/,This never gets old - @ the person you do this to most. ğŸ¥ by @mikepfau,2019-09-12T11:07:05.000Z,0,226,,jorgenwaa,@tonjevendela
https://www.instagram.com/p/B166OkVBPJR/,This never gets old - @ the person you do this to most. ğŸ¥ by @mikepfau,2019-09-12T14:30:42.000Z,1 ,227,,rpbina,@paula.g25 @_alise23_ jaasametaas un jaanopeerk visaam kopaağŸ˜­ğŸ˜ğŸ˜‚ğŸ˜‚
https://www.instagram.com/p/B166OkVBPJR/,This never gets old - @ the person you do this to most. ğŸ¥ by @mikepfau,2019-09-12T22:37:47.000Z,1 ,228,,michael.conley.3538,@toeheadbaby
https://www.instagram.com/p/B166OkVBPJR/,This never gets old - @ the person you do this to most. ğŸ¥ by @mikepfau,2019-09-05T23:38:58.000Z,0,229,,usmarttech,"This is awesome, @mikepfau! â€œI cannot not reactâ€ sounds about right when weâ€™re talking about @teslamotors. ğŸ™Œ"
https://www.instagram.com/p/B166OkVBPJR/,This never gets old - @ the person you do this to most. ğŸ¥ by @mikepfau,2019-09-06T03:41:46.000Z,0,230,,888makai,â¤ï¸â¤ï¸â¤ï¸
https://www.instagram.com/p/B166OkVBPJR/,This never gets old - @ the person you do this to most. ğŸ¥ by @mikepfau,2019-09-06T09:48:56.000Z,1 ,231,,dailyhabitsofamouspeople,ğŸ’¯
https://www.instagram.com/p/B166OkVBPJR/,This never gets old - @ the person you do this to most. ğŸ¥ by @mikepfau,2019-09-06T14:32:13.000Z,0,232,,adria_trade,hope one day ill be able to have one!
https://www.instagram.com/p/B166OkVBPJR/,This never gets old - @ the person you do this to most. ğŸ¥ by @mikepfau,2019-09-06T17:13:44.000Z,2 ,233,,stephaniebenzcsq,I would follow this page but her face annoys me
https://www.instagram.com/p/B166OkVBPJR/,This never gets old - @ the person you do this to most. ğŸ¥ by @mikepfau,2019-09-07T20:06:40.000Z,1 ,234,,frankcanchola_1,@dahomi3.l0aky ur dads car lmao
https://www.instagram.com/p/B166OkVBPJR/,This never gets old - @ the person you do this to most. ğŸ¥ by @mikepfau,2019-09-08T00:48:43.000Z,0,235,,dannypolj,@lsabs7 @jsteti
https://www.instagram.com/p/B166OkVBPJR/,This never gets old - @ the person you do this to most. ğŸ¥ by @mikepfau,2019-09-08T15:22:47.000Z,0,236,,mostafa_ab_mosbat,Tesla â™¡â™¥â™¡â™¥â™¡â™¥â™¡
https://www.instagram.com/p/B166OkVBPJR/,This never gets old - @ the person you do this to most. ğŸ¥ by @mikepfau,2019-09-08T16:41:01.000Z,1 ,237,,coldlove_,@that_hair lmao your neck
https://www.instagram.com/p/B166OkVBPJR/,This never gets old - @ the person you do this to most. ğŸ¥ by @mikepfau,2019-09-09T01:38:04.000Z,0,238,,shawnphipps,@atencio_nicole
https://www.instagram.com/p/B166OkVBPJR/,This never gets old - @ the person you do this to most. ğŸ¥ by @mikepfau,2019-09-09T01:56:38.000Z,0,239,,megxhilll,My remission gift ğŸ ğŸ’•ğŸ’ğŸ¼â€â™€ï¸ğŸŒˆâœ¨ 4 years.. ğŸš— â¤ï¸âœ¨
https://www.instagram.com/p/B166OkVBPJR/,This never gets old - @ the person you do this to most. ğŸ¥ by @mikepfau,2019-09-10T00:13:22.000Z,0,240,,dj_eddie_z,We should collab on a Kings DJ Tesla Model X ğŸ˜ğŸ’œğŸ¶ğŸš˜ğŸ‘ŒğŸ½ğŸ€
https://www.instagram.com/p/B166OkVBPJR/,This never gets old - @ the person you do this to most. ğŸ¥ by @mikepfau,2019-09-05T06:43:20.000Z,0,241,,mohdysf2,As Tesla user we need the Wifi working as cellular network .. specially when there is no coverage area .. now we have mobile internet and wifi working fine .. what if you out of the state .. to keep car always connected .. the wifi is the solution .. remove the Barriers and let your customers enjoy their Tesla by the way they like
https://www.instagram.com/p/B166OkVBPJR/,This never gets old - @ the person you do this to most. ğŸ¥ by @mikepfau,2019-09-05T07:23:08.000Z,0,242,,ridetechnews,Verified
https://www.instagram.com/p/B166OkVBPJR/,This never gets old - @ the person you do this to most. ğŸ¥ by @mikepfau,2019-09-05T12:00:53.000Z,0,243,,autoservice_agreiter,"IÂ´m waiting since over 2 months for my front and rear window of my Model 3 here in Europe!!! Give a boost to the logistic, its a shame that I m left without my car for all this time! Agreiter Philipp, Italy"
https://www.instagram.com/p/B166OkVBPJR/,This never gets old - @ the person you do this to most. ğŸ¥ by @mikepfau,2019-09-05T13:19:52.000Z,1 ,244,,claudiodallalibera,@trickred mi sta salendo
https://www.instagram.com/p/B166OkVBPJR/,This never gets old - @ the person you do this to most. ğŸ¥ by @mikepfau,2019-09-05T15:27:14.000Z,0,245,,jon_jft,Nice hairline
https://www.instagram.com/p/B166OkVBPJR/,This never gets old - @ the person you do this to most. ğŸ¥ by @mikepfau,2019-09-05T16:32:29.000Z,0,246,,alextonthat,@lauriane1211 je ne suis pas le seul xD
https://www.instagram.com/p/B166OkVBPJR/,This never gets old - @ the person you do this to most. ğŸ¥ by @mikepfau,2019-09-05T16:55:56.000Z,0,247,,hunter_hartman,@farrahmuwalla
https://www.instagram.com/p/B166OkVBPJR/,This never gets old - @ the person you do this to most. ğŸ¥ by @mikepfau,2019-09-05T16:58:10.000Z,0,248,,harry_tw03,Or you could just buy a supra
https://www.instagram.com/p/B166OkVBPJR/,This never gets old - @ the person you do this to most. ğŸ¥ by @mikepfau,2019-09-05T17:16:09.000Z,0,249,,is_that_a_supra2k19,Follow me if you like cars
https://www.instagram.com/p/B166OkVBPJR/,This never gets old - @ the person you do this to most. ğŸ¥ by @mikepfau,2019-09-05T17:24:07.000Z,0,250,,threehorizonsorg,Happy international day of Charity! â¤ï¸
https://www.instagram.com/p/B166OkVBPJR/,This never gets old - @ the person you do this to most. ğŸ¥ by @mikepfau,2019-09-05T18:50:59.000Z,0,251,,jorenverkade,@celineverkade
https://www.instagram.com/p/B166OkVBPJR/,This never gets old - @ the person you do this to most. ğŸ¥ by @mikepfau,2019-09-05T19:51:19.000Z,0,252,,tohidhsn,ğŸ˜
https://www.instagram.com/p/B166OkVBPJR/,This never gets old - @ the person you do this to most. ğŸ¥ by @mikepfau,2019-09-04T19:05:50.000Z,0,253,,dpardo_19,@colleennicki_ ğŸ¤˜ğŸ¼
https://www.instagram.com/p/B166OkVBPJR/,This never gets old - @ the person you do this to most. ğŸ¥ by @mikepfau,2019-09-04T19:22:38.000Z,0,254,,thekingslayer419,Hit em with the zoom zoom!
https://www.instagram.com/p/B166OkVBPJR/,This never gets old - @ the person you do this to most. ğŸ¥ by @mikepfau,2019-09-04T19:44:04.000Z,2 ,255,,tyberol,"Hey, can I please have a model 3, white exterior, with autonomous mode, thatâ€™s all I want in life, thanks have a good day."
https://www.instagram.com/p/B166OkVBPJR/,This never gets old - @ the person you do this to most. ğŸ¥ by @mikepfau,2019-09-04T21:13:19.000Z,0,256,,mems4koolkiddos,Like if the Porsche Taycan Turbo S is better
https://www.instagram.com/p/B166OkVBPJR/,This never gets old - @ the person you do this to most. ğŸ¥ by @mikepfau,2019-09-04T22:47:27.000Z,1 ,257,,andreajoseasa,"Grande @teslamotors , davvero un bel fungo!"
https://www.instagram.com/p/B166OkVBPJR/,This never gets old - @ the person you do this to most. ğŸ¥ by @mikepfau,2019-09-04T22:58:51.000Z,0,258,,theresiahallmark,My 2-year-old loves when I do this. It feels even more intense to her since she is in the back seat.
https://www.instagram.com/p/B166OkVBPJR/,This never gets old - @ the person you do this to most. ğŸ¥ by @mikepfau,2019-09-04T23:13:48.000Z,0,259,,coach_brettb,Verified
https://www.instagram.com/p/B166OkVBPJR/,This never gets old - @ the person you do this to most. ğŸ¥ by @mikepfau,2019-09-04T23:38:08.000Z,0,260,,simplefitechnology,Yaaaaaaaas ğŸ”¥â¤ï¸ğŸ”¥
https://www.instagram.com/p/B166OkVBPJR/,This never gets old - @ the person you do this to most. ğŸ¥ by @mikepfau,2019-09-05T00:22:28.000Z,0,261,,christylynnr18,Uh huh
https://www.instagram.com/p/B166OkVBPJR/,This never gets old - @ the person you do this to most. ğŸ¥ by @mikepfau,2019-09-05T02:21:27.000Z,0,262,,magicmillard,This would definitely be the weirdest car commercial ever
https://www.instagram.com/p/B166OkVBPJR/,This never gets old - @ the person you do this to most. ğŸ¥ by @mikepfau,2019-09-05T04:49:13.000Z,0,263,,wave_of_potential,ğŸš€ğŸš€ğŸš€
https://www.instagram.com/p/B166OkVBPJR/,This never gets old - @ the person you do this to most. ğŸ¥ by @mikepfau,2019-09-05T05:20:53.000Z,0,264,,suzyshinn,Verified
https://www.instagram.com/p/B166OkVBPJR/,This never gets old - @ the person you do this to most. ğŸ¥ by @mikepfau,2019-09-04T13:29:11.000Z,0,265,,toplivo_ua777,I will sell a discount for tesla car. Write in dm
https://www.instagram.com/p/B166OkVBPJR/,This never gets old - @ the person you do this to most. ğŸ¥ by @mikepfau,2019-09-04T13:33:11.000Z,0,266,,lukemoore_14,@jaronblue99
https://www.instagram.com/p/B166OkVBPJR/,This never gets old - @ the person you do this to most. ğŸ¥ by @mikepfau,2019-09-04T14:07:43.000Z,0,267,,in.2.everything,@powellsandlackofpatience lmao ğŸ˜‚
https://www.instagram.com/p/B166OkVBPJR/,This never gets old - @ the person you do this to most. ğŸ¥ by @mikepfau,2019-09-04T14:26:17.000Z,0,268,,cardenb,@s.glover50 @chrislo898
https://www.instagram.com/p/B166OkVBPJR/,This never gets old - @ the person you do this to most. ğŸ¥ by @mikepfau,2019-09-04T14:33:36.000Z,1 ,269,,m.rogers4,@jai.rom
https://www.instagram.com/p/B166OkVBPJR/,This never gets old - @ the person you do this to most. ğŸ¥ by @mikepfau,2019-09-04T15:47:49.000Z,2 ,270,,jegberink,@lausvv als de m3p binnenkomt ğŸ˜
https://www.instagram.com/p/B166OkVBPJR/,This never gets old - @ the person you do this to most. ğŸ¥ by @mikepfau,2019-09-04T15:55:20.000Z,0,271,,yupp_its_eric,@ no one because I donâ€™t have a Tesla YET I want one sooooo bad ğŸ˜­
https://www.instagram.com/p/B166OkVBPJR/,This never gets old - @ the person you do this to most. ğŸ¥ by @mikepfau,2019-09-04T17:23:19.000Z,0,272,,kyle7777,@christylynnr18
https://www.instagram.com/p/B166OkVBPJR/,This never gets old - @ the person you do this to most. ğŸ¥ by @mikepfau,2019-09-04T17:32:42.000Z,0,273,,brandondarnes,@chloe_payne22
https://www.instagram.com/p/B166OkVBPJR/,This never gets old - @ the person you do this to most. ğŸ¥ by @mikepfau,2019-09-04T18:40:22.000Z,0,274,,marcohshit,More fun in a gasoline powered car though
https://www.instagram.com/p/B166OkVBPJR/,This never gets old - @ the person you do this to most. ğŸ¥ by @mikepfau,2019-09-04T18:52:57.000Z,0,275,,jj_hixks,"After a while, you will get used to acceleration so it does get old"
https://www.instagram.com/p/B166OkVBPJR/,This never gets old - @ the person you do this to most. ğŸ¥ by @mikepfau,2019-09-04T18:56:54.000Z,0,276,,guntherwiehl,Indeed every morning during my trip to work the same fun
https://www.instagram.com/p/B166OkVBPJR/,This never gets old - @ the person you do this to most. ğŸ¥ by @mikepfau,2019-09-04T09:05:31.000Z,0,277,,raphilan,Cardi B's Money auch nichtğŸ˜­ğŸ˜‚
https://www.instagram.com/p/B166OkVBPJR/,This never gets old - @ the person you do this to most. ğŸ¥ by @mikepfau,2019-09-04T09:05:36.000Z,0,278,,chinese_buffet_,I was expecting a @pornhub intro
https://www.instagram.com/p/B166OkVBPJR/,This never gets old - @ the person you do this to most. ğŸ¥ by @mikepfau,2019-09-04T09:10:45.000Z,0,279,,thevwguy,@sumyrtle
https://www.instagram.com/p/B166OkVBPJR/,This never gets old - @ the person you do this to most. ğŸ¥ by @mikepfau,2019-09-04T10:10:29.000Z,0,280,,valerii_zhydetskyi,ğŸ‘ğŸ‡ºğŸ‡¦ğŸ”¥
https://www.instagram.com/p/B166OkVBPJR/,This never gets old - @ the person you do this to most. ğŸ¥ by @mikepfau,2019-09-04T10:15:54.000Z,1 ,281,,simondyson,@lcdyson32 this is you and the girls if @arsenalrob81 ever gets a @teslamotors ğŸ˜‚
https://www.instagram.com/p/B166OkVBPJR/,This never gets old - @ the person you do this to most. ğŸ¥ by @mikepfau,2019-09-04T11:19:26.000Z,1 ,282,,j.burns78,@_justinhough when one of us get a Tesla we'll defs do this ğŸ˜‚
https://www.instagram.com/p/B166OkVBPJR/,This never gets old - @ the person you do this to most. ğŸ¥ by @mikepfau,2019-09-04T11:28:56.000Z,0,283,,mikadmon,25.09 Modell 3 Performance !! Yeha! ğŸ˜Wait wait wait
https://www.instagram.com/p/B166OkVBPJR/,This never gets old - @ the person you do this to most. ğŸ¥ by @mikepfau,2019-09-04T11:42:00.000Z,1 ,284,,1tomstone,Did this to @welshabbie ğŸ˜‚
https://www.instagram.com/p/B166OkVBPJR/,This never gets old - @ the person you do this to most. ğŸ¥ by @mikepfau,2019-09-04T12:04:35.000Z,0,285,,ava_g_ciri,I guess the guy isnâ€™t flooring it through a hairpin turn
https://www.instagram.com/p/B166OkVBPJR/,This never gets old - @ the person you do this to most. ğŸ¥ by @mikepfau,2019-09-04T12:18:22.000Z,0,286,,dihnatowycz,@peanutbutterandjyll
https://www.instagram.com/p/B166OkVBPJR/,This never gets old - @ the person you do this to most. ğŸ¥ by @mikepfau,2019-09-04T12:29:27.000Z,0,287,,denniswebdev,That is so ludicrous
